"","baseMean","log2FoldChange","lfcSE","stat","pvalue","padj","symbol"
"ISG15",1627.70724376136,-2.28796088394985,0.119140859411541,-19.2038306190716,6.55132164568596e-47,7.94729909968754e-44,"ISG15"
"PADI1",59.8605060925584,1.57944420430758,0.252603071509073,6.25267220573306,3.80152524777394e-05,0.00628850034452787,"PADI1"
"IFI6",340.357286629236,-1.67665095590197,0.130046218546581,-12.8927313276811,1.68776619669109e-17,8.77457590186866e-15,"IFI6"
"RAB3B",423.29761361738,0.924717056997344,0.101707425018482,9.09193263745792,0.000350355495292198,0.0495157761647429,"RAB3B"
"IFI44L",282.111622990267,-3.9363429196803,0.446977722922642,-8.80657517771094,2.97968802656663e-14,1.1723059081819e-11,"IFI44L"
"IFI44",1394.41279261847,-3.83994897560438,0.157365793027115,-24.4014210568794,1.24916668174418e-95,3.03068656435834e-92,"IFI44"
"GBP4",249.591831912313,-3.36749064588983,0.339587906864692,-9.91640331653979,1.12030237121563e-16,5.0963255055581e-14,"GBP4"
"FNDC7",19.6909397581519,3.48838547583668,0.601675794702137,5.79778263734811,6.69734562234322e-07,0.000143372441506544,"FNDC7"
"AMPD1",23.8125062573381,2.22033782775504,0.421809364125328,5.26384195466872,5.03678196761815e-05,0.00814671501140194,"AMPD1"
"TCHHL1",40.6475028645452,2.40379342306249,0.340325817066565,7.0632120824155,4.18505227994267e-08,1.05037596619182e-05,"TCHHL1"
"SPRR1A",16.9618525716867,2.51714205926673,0.527251047584475,4.77408640684292,0.000119374241707738,0.0182919035425215,"SPRR1A"
"SPRR1B",62.3497523554915,1.50080564818562,0.250030301075165,6.00249506452595,0.000115353833328463,0.0178638909761962,"SPRR1B"
"NCF2",49.0032133459621,-2.32900677391661,0.313250162602203,-7.43497387062563,1.17918114985365e-08,3.28314506079862e-06,"NCF2"
"PXDN",1568.19593634566,0.874147190931202,0.0542443265034788,16.114997591041,2.93633926872688e-08,7.91560939534391e-06,"PXDN"
"CMPK2",132.323344668703,-3.31428901181974,0.350957717842829,-9.44355642665762,3.32573805671978e-15,1.38322196833342e-12,"CMPK2"
"RSAD2",128.931479165928,-9.41023961228199,1.19112112208021,-7.90032133411226,6.15827233211809e-14,2.35910448259587e-11,"RSAD2"
"RNF144A",41.169077994833,-2.69980602113614,0.361304712190702,-7.4723797671123,2.21759581526033e-09,7.01772658320534e-07,"RNF144A"
"ODC1",5284.51039881033,1.21353150318562,0.0766183187767573,15.8386600301357,6.77314956185811e-17,3.18053994103124e-14,"ODC1"
"IL1R2",46.9238911768475,3.4608932587585,0.368855478258132,9.38278936536899,2.85129342744081e-15,1.22077289480164e-12,"IL1R2"
"IL1RL1",388.868908506714,2.06882965655912,0.114573913332476,18.0567250989822,6.57400201151235e-39,6.83555337725609e-36,"IL1RL1"
"IFIH1",630.584703720072,-1.06830767118857,0.0996377897470692,-10.7219125785555,4.77167875843761e-07,0.000105244435888752,"IFIH1"
"SCN3A",20.1405040957091,-5.82925776990274,1.08387987527585,-5.37814005303787,6.41061725912326e-07,0.00013928262006128,"SCN3A"
"MROH2A",12.1146101280888,3.55109051844622,0.741236292479105,4.79076720133253,3.05924094316238e-05,0.00517829888483892,"MROH2A"
"ACKR3",211.184998653879,-1.10231320251358,0.146461449383852,-7.52630270389166,0.000181086267625754,0.027176008225032,"ACKR3"
"DTX3L",2430.07520500857,-0.812765875858425,0.0575367760390603,-14.1260239417422,2.61041396090815e-05,0.00452378524154047,"DTX3L"
"PARP14",3711.20267179056,-0.858936899031371,0.0528040442836086,-16.266498346567,6.37194808539401e-08,1.57214319117086e-05,"PARP14"
"TNFSF10",630.754828964018,-0.991721163150459,0.0967212739743895,-10.2533922724493,1.0369622981642e-05,0.00193526412492004,"TNFSF10"
"RTP4",22.6078021598934,-2.60225963414041,0.476600842687191,-5.46003993502873,1.10232260889416e-05,0.00201660786812588,"RTP4"
"PPM1K",153.125263341197,-1.65576339793762,0.189294639707132,-8.74701682255423,6.61721256068464e-09,2.00680756762263e-06,"PPM1K"
"HERC6",797.304186680219,-1.761051959636,0.0779639491136595,-22.588029206533,3.86439583836193e-52,5.62540102190347e-49,"HERC6"
"HERC5",1548.1278743695,-5.49384328331904,0.198320127712168,-27.7018946422449,7.86983854521686e-136,2.29122479405444e-132,"HERC5"
"FGF2",404.192308662068,-2.50176681551255,0.119753254968371,-20.8910130766243,2.96509931230113e-58,4.7958834099075e-55,"FGF2"
"SLC7A11",2155.4003728287,-0.837026592721494,0.0540097153920939,-15.4977041934944,9.73275766052916e-07,0.000196777435089338,"SLC7A11"
"DDX60",2826.09468257584,-4.48465392405425,0.156206044335006,-28.70986166474,3.31026602039799e-138,1.20468856147334e-134,"DDX60"
"DDX60L",1100.00108471967,-1.02407905432429,0.0683799610344018,-14.9763035666119,4.17139387110766e-11,1.51807451454286e-08,"DDX60L"
"VEGFC",124.808570618556,-1.49876322627935,0.180534072575963,-8.30183025782416,1.79845204554598e-07,4.15556609952584e-05,"VEGFC"
"FST",552.009721472857,0.992194519940492,0.0890538430815869,11.1415126580387,1.84074019686787e-06,0.00035727540061074,"FST"
"MAP1B",489.073180626283,1.04963597783971,0.0937357289773679,11.1978216768671,2.71848975997892e-07,6.08816237477124e-05,"MAP1B"
"SPOCK1",278.91872884811,-2.47181283647971,0.138852134838998,-17.8017632883054,1.42873052367494e-42,1.59984847947201e-39,"SPOCK1"
"TMEM173",291.334493771146,-1.60971060971081,0.117488549054984,-13.7009999924118,9.39297819469071e-19,5.94493841652664e-16,"TMEM173"
"SPRY4",68.2135583778363,1.71357618337405,0.243342450651539,7.0418300579534,1.59370994746516e-06,0.000313508590611491,"SPRY4"
"BTN3A1",334.13225433056,-1.00323974540691,0.109329213675532,-9.17631904299912,5.41413125193457e-05,0.00866082512466061,"BTN3A1"
"ETV7",46.0976603539808,-1.61655718081622,0.296757973440071,-5.44739257407917,0.000238868772091183,0.0351233607609227,"ETV7"
"CD24",140.086828301372,1.13193912523197,0.160163630714719,7.0673917679112,0.000284374938188005,0.040986593813889,"CD24"
"CYP2W1",21.4322353462851,-2.58242509563429,0.498442278004808,-5.18099127941426,2.94262431924135e-05,0.00503950379002309,"CYP2W1"
"SP8",60.8053682715126,-1.75368435715042,0.255803684268705,-6.85558678391939,2.23517444180165e-06,0.000428124136175087,"SP8"
"PRR15",56.2954880215423,-1.73414198757074,0.274118658099462,-6.32624571998859,1.27474312682364e-05,0.00229091798730514,"PRR15"
"GRB10",736.286277027357,-1.13388616686736,0.0898287715182683,-12.6227504584849,3.50147086872678e-10,1.1584298053649e-07,"GRB10"
"SAMD9",8515.71653880482,-1.03821756252427,0.0950411565138621,-10.9238734102824,7.1329260651592e-07,0.000150484064826844,"SAMD9"
"SAMD9L",534.818720795444,-1.02772629724899,0.100834006987825,-10.1922588216997,4.49311554394847e-06,0.000849432246405946,"SAMD9L"
"PTPRZ1",28.3078033872152,-3.19778637029158,0.485215382854241,-6.59044721847204,3.42423658274977e-08,8.88948517841946e-06,"PTPRZ1"
"PODXL",670.157846687242,-1.48867360459446,0.0885469322249963,-16.8122550063255,5.22291370566056e-25,4.47235028313534e-22,"PODXL"
"ZC3HAV1",5279.74593417478,-0.806437905813952,0.0419425288070335,-19.2272123010074,3.35503795151771e-08,8.87987044731698e-06,"ZC3HAV1"
"STC1",181.006510257456,1.94425770487399,0.15244350619496,12.7539555695306,1.78924620243606e-19,1.18391168040281e-16,"STC1"
"DDX58",1095.32030733116,-2.84849431031693,0.152377799837513,-18.6936306558724,1.99265165290462e-50,2.63700273739387e-47,"DDX58"
"TRIM14",1738.07545855242,-0.858796228635502,0.0544594740021808,-15.7694550740815,1.53308382423191e-07,3.59953245634579e-05,"TRIM14"
"KLF4",496.87921633604,-1.54230159415718,0.0988134896730837,-15.6082089526416,1.03224471697698e-22,7.90862439212314e-20,"KLF4"
"IFIT2",1763.56311972948,-4.96131487930193,0.157671758134447,-31.4660972770495,3.06530924404095e-170,2.23108533327521e-166,"IFIT2"
"IFIT3",1684.47030115014,-4.27550433460308,0.19185817367994,-22.2847129866645,5.6367993995017e-83,1.17221269797923e-79,"IFIT3"
"IFIT1",1269.32522466169,-2.81869218014081,0.123856844407561,-22.7576618282447,2.51522463645413e-73,4.57676562910784e-70,"IFIT1"
"IFITM1",2735.65416435494,-0.827998920355123,0.0494348833780175,-16.7492843873748,2.62862056253658e-07,5.97887961388204e-05,"IFITM1"
"TRIM22",404.39194893997,-0.995609851586919,0.119577317922531,-8.32607612283068,0.000254800933485724,0.0370913718875169,"TRIM22"
"UBE2L6",1175.1286356387,-0.948530863489882,0.0649564971524588,-14.6025556344825,6.99534379191294e-09,2.07818815467095e-06,"UBE2L6"
"RPLP0P2",117.695453774441,1.2072223078932,0.17755138180268,6.79928421641256,0.0002057284527164,0.0305590723080881,"RPLP0P2"
"RARRES3",88.2246926861004,-2.48218356722051,0.244648544235825,-10.1459159504658,3.76736283854631e-15,1.52337502335329e-12,"RARRES3"
"CST6",163.276690023829,1.12130742071976,0.158597360222598,7.07015185590705,0.000321150982237433,0.0458332828277481,"CST6"
"MMP10",211.774734733848,2.37945952227578,0.148545794139476,16.0183567367893,4.46103991674814e-34,4.32929053787351e-31,"MMP10"
"MMP1",267.226586768932,1.99337699294561,0.139384605064836,14.3012708757783,1.83319451739516e-24,1.48254514387341e-21,"MMP1"
"MMP3",15.9466008796815,2.89347374485764,0.570847666836333,5.06873184030586,2.53156505799676e-05,0.00443999910232035,"MMP3"
"MMP12",88.7377331092006,1.87806554341064,0.214313251523733,8.76317973834045,6.94017780377441e-10,2.24507040643431e-07,"MMP12"
"MMP13",367.159250409502,1.63974179225459,0.125781374776279,13.0364435527209,1.79962730426922e-17,9.03350850629208e-15,"MMP13"
"KRT81",60.0543114697972,1.54023852317498,0.266967097030194,5.76939458198769,0.000161051869690383,0.0244211673654469,"KRT81"
"OAS1",432.504159270945,-2.43175981296767,0.286288875446794,-8.49407721195092,4.96045111093701e-11,1.76120211760756e-08,"OAS1"
"OAS3",6765.49335912671,-1.09166109286884,0.0760518517546204,-14.354168474307,8.61280451661037e-12,3.21478449611018e-09,"OAS3"
"OAS2",517.361413760134,-3.4548816306979,0.3162649300078,-10.9240111782634,4.94714275952487e-20,3.42931224525731e-17,"OAS2"
"OASL",3015.35759269093,-7.59295202465702,0.25119191444742,-30.2276928035691,7.91042191993185e-172,1.15152011888448e-167,"OASL"
"HCAR2",453.906191721591,-1.12951146386774,0.114091763731854,-9.90002632023812,7.3086026251009e-07,0.00015198761201942,"HCAR2"
"EPSTI1",157.844864306436,-2.02963194110274,0.177682338413132,-11.4228119644824,1.69521758513239e-16,7.47796435962795e-14,"EPSTI1"
"LOC101928841",19.6534831422536,2.50179515969942,0.490418616074832,5.10134623298573,4.45171993489865e-05,0.00728131315644041,"LOC101928841"
"IRF9",965.468328724513,-1.30038317475958,0.082791322859277,-15.7067568176182,1.64208410690772e-18,9.95992431010656e-16,"IRF9"
"WARS",8641.02265697035,-1.08876191339125,0.0966174498868103,-11.2687916589266,6.98146870894976e-08,1.69382066660303e-05,"WARS"
"KIAA1199",282.051238465626,1.08895737906316,0.127393202337594,8.548002240947,3.23240536261341e-05,0.00540852009926016,"KIAA1199"
"ISG20",155.288753324508,-2.1647364817935,0.173735748142471,-12.4599370304511,3.70342968040282e-20,2.69554129288119e-17,"ISG20"
"ANPEP",31.8222242795823,1.99386900313926,0.383791782903753,5.19518419090094,0.000114824527139969,0.0178638909761962,"ANPEP"
"GPRC5B",394.363322765399,0.987636659566972,0.099595283478529,9.91650031077917,2.12976916008729e-05,0.00378085971504764,"GPRC5B"
"CNGB1",125.427150129103,1.39310521806199,0.171638205718532,8.11652168134714,1.08281178433136e-06,0.000215924536226186,"CNGB1"
"CDH11",171.882791322901,1.59255652018104,0.161648939604801,9.85194535809832,1.87705380632277e-10,6.3544819206141e-08,"CDH11"
"PLCG2",646.784423114789,-1.39081067731122,0.0952605301007266,-14.6000728301701,8.58435161499703e-18,4.80624640228891e-15,"PLCG2"
"XAF1",104.9731671726,-3.13475352871053,0.405250022173975,-7.7353568345143,1.44897720647809e-10,5.02208599873845e-08,"XAF1"
"DHX58",139.72150844062,-1.47278673212537,0.185842409478185,-7.92492271414641,7.77638387146808e-07,0.000159437774671776,"DHX58"
"PMAIP1",378.286788117627,-1.20726989811792,0.116330005357526,-10.3779750925613,3.48080411602603e-08,8.88948517841946e-06,"PMAIP1"
"BST2",170.400665048666,-2.03453281012719,0.171727794906607,-11.8474287242415,1.2270641074399e-17,6.6156934118528e-15,"BST2"
"IGFL1",1155.69208279498,2.29208568531411,0.0680531976711277,33.6807933168811,5.76904595638507e-140,2.79933339956992e-136,"IGFL1"
"ZNFX1",3775.20375631288,-0.81649370978442,0.0423744035009053,-19.2685593737497,1.19534717470857e-08,3.28314506079862e-06,"ZNFX1"
"FAM65C",800.310322033948,1.19612366746582,0.0742967393339089,16.0992753947132,5.53337503882587e-17,2.68497801467294e-14,"FAM65C"
"MX2",123.911181309044,-3.13164075574655,0.451522863026669,-6.93573019703673,7.96711750217429e-09,2.31121586555884e-06,"MX2"
"MX1",651.947819252943,-2.97911910419974,0.228001264026405,-13.0662394216145,3.40602312087717e-26,3.09884241066306e-23,"MX1"
"LIF",1481.89078530442,0.816926786612199,0.0558541365994553,14.6260749220885,1.10825465034053e-05,0.00201660786812588,"LIF"
"APOL6",4310.28050985874,-1.04316979791045,0.0807323507447474,-12.92133560199,4.81548939102233e-09,1.49146976734281e-06,"APOL6"
"APOL3",356.001721313603,-1.0492903683796,0.123208277100566,-8.5163951081236,6.9787786579371e-05,0.0110424001003903,"APOL3"
"APOL1",1055.04584195603,-1.33054698894546,0.132877740645663,-10.0133173734007,8.09727341784028e-09,2.31121586555884e-06,"APOL1"
"SLC12A7_1",184.697880655267,1.34172737377195,0.145071142253149,9.24875445890287,7.5754544523998e-08,1.80780148300957e-05,"SLC12A7_1"
"HLA-B_3",855.610878506411,-1.34012282632108,0.0885546719758373,-15.1332820326718,4.59523329477263e-18,2.6757124428802e-15,"HLA-B_3"
